Famille;Metiers;Poste
Communication digitale, marketing et e-Commerce;Communication digitale;Chargé de communication web
Communication digitale, marketing et e-Commerce;Communication digitale;Chef de projet communication digitale
Communication digitale, marketing et e-Commerce;Communication digitale;Responsable communication digitale
Communication digitale, marketing et e-Commerce;e-commerce;Chargé e-commerce
Communication digitale, marketing et e-Commerce;e-commerce;Chef de projet e-commerce
Communication digitale, marketing et e-Commerce;e-commerce;Responsable e-commerce
Communication digitale, marketing et e-Commerce;Marketing digital;Chargé de marketing digital
Communication digitale, marketing et e-Commerce;Marketing digital;Chef de projet marketing digital
Communication digitale, marketing et e-Commerce;Marketing digital;Responsable marketing digital
Communication digitale, marketing et e-Commerce;Marketing digital;Growth hacker
Communication digitale, marketing et e-Commerce;Marketing digital;Digital business developer
Communication digitale, marketing et e-Commerce;Marketing digital;Customer Success Manager (CSM)
Communication digitale, marketing et e-Commerce;Community management;Community manager
Communication digitale, marketing et e-Commerce;Community management;Veilleur e-reputation
Communication digitale, marketing et e-Commerce;Community management;Social media manager
Communication digitale, marketing et e-Commerce;Content management / rédaction web;Journaliste web
Communication digitale, marketing et e-Commerce;Content management / rédaction web;Content manager
Communication digitale, marketing et e-Commerce;Référencement (SEA/SEO);Expert SEO
Communication digitale, marketing et e-Commerce;Référencement (SEA/SEO);Chef de projet SEO
Communication digitale, marketing et e-Commerce;Référencement (SEA/SEO);Consultant SEO
Communication digitale, marketing et e-Commerce;Référencement (SEA/SEO);Chef de projet SEA
Communication digitale, marketing et e-Commerce;Référencement (SEA/SEO);Consultant SEA
Communication digitale, marketing et e-Commerce;Référencement (SEA/SEO);Expert SEA
Communication digitale, marketing et e-Commerce;Formation au numérique;Médiateur numérique
Communication digitale, marketing et e-Commerce;Formation au numérique;Référent digital
Communication digitale, marketing et e-Commerce;Formation au numérique;Couteau suisse du numérique
Communication digitale, marketing et e-Commerce;Traffic Management;Traffic manager
Sécurité, cloud, réseau;Cloud;Architecte Cloud
Sécurité, cloud, réseau;Cloud;Technicien cloud
Sécurité, cloud, réseau;Cloud;Ingénieur Cloud computing
Sécurité, cloud, réseau;Cybersécurité;Analyste cybersécurité
Sécurité, cloud, réseau;Cybersécurité;Technicien cybersécurité
Sécurité, cloud, réseau;Cybersécurité;Analyste SOC
Sécurité, cloud, réseau;Cybersécurité;Pen testeur
Sécurité, cloud, réseau;Cybersécurité;Analyste de la menace
Sécurité, cloud, réseau;Données personnelles;Délégué à la protection des données (DPD)
Sécurité, cloud, réseau;Sécurité IT;Expert Sécurité IT
Sécurité, cloud, réseau;Sécurité IT;Security Architect
Sécurité, cloud, réseau;Système et réseaux;Administrateur système et réseau
Sécurité, cloud, réseau;Système et réseaux;Technicien système et réseau
Sécurité, cloud, réseau;Système et réseaux;Spécialiste systèmes, réseaux et sécurité
Sécurité, cloud, réseau;Système et réseaux;Ingenieur systèmes
Sécurité, cloud, réseau;Système et réseaux;Expert en technologie de l’information
Sécurité, cloud, réseau;Système et réseaux;Gestionnaire de parc micro-informatique
Sécurité, cloud, réseau;Système et réseaux;Expert systèmes et réseaux
Sécurité, cloud, réseau;Système et réseaux;Ingénieur réseau
Sécurité, cloud, réseau;Système et réseaux;Responsable sécurité des systèmes d'information (RSSI)
Sécurité, cloud, réseau;Système et réseaux;Responsable Sécurité de l'information
Sécurité, cloud, réseau;Support technique;Conseiller support technique
Sécurité, cloud, réseau;Support technique;Spécialiste support
Sécurité, cloud, réseau;Support technique;Technicien helpdesk
Sécurité, cloud, réseau;Support technique;Technicien maintenance informatique
Sécurité, cloud, réseau;Support technique;Responsable maintenance
Sécurité, cloud, réseau;Télécoms;Technicien de déploiement de fibre optique
Sécurité, cloud, réseau;Télécoms;Technicien en télécommunication
Sécurité, cloud, réseau;Télécoms;Chef de projet télécom
Sécurité, cloud, réseau;Télécoms;Ingénieur télécom
Sécurité, cloud, réseau;Systèmes d'information embarqués;Architecte IoT
Sécurité, cloud, réseau;Systèmes d'information embarqués;Développeur IOT
Sécurité, cloud, réseau;Systèmes d'information embarqués;Ingénieur IOT
Sécurité, cloud, réseau;Systèmes d'information embarqués;Ingénieur logiciel en robotique
Sécurité, cloud, réseau;Systèmes d'information embarqués;Ingénieur en informatique embarquée
Sécurité, cloud, réseau;Systèmes d'information embarqués;Ingénieur systèmes embarqués
Sécurité, cloud, réseau;Systèmes d'information embarqués;Architecte systèmes embarqués
Sécurité, cloud, réseau;Systèmes d'information embarqués;Développeur systèmes embarqués
Data / IA;Administration de base de données;Architecte base de données
Data / IA;Administration de base de données;Technicien base de données
Data / IA;Administration de base de données;Gestionnaire de base de données
Data / IA;Data / Big data;Chargé de projet Data
Data / IA;Data / Big data;Data Analyst
Data / IA;Data / Big data;Data Architect
Data / IA;Data / Big data;Data Engineer
Data / IA;Data / Big data;Data Steward
Data / IA;Data / Big data;Data Miner
Data / IA;Data / Big data;Data Scientist
Data / IA;Data / Big data;Développeur Data
Data / IA;Data / Big data;Technicien data
Data / IA;Data / Big data;Ingénieur Data Visualisation
Data / IA;Data / Big data;Developpeur Big Data
Data / IA;Data / Big data;Chief Data Officer
Data / IA;IA / Machine learning;Développeur IA
Data / IA;IA / Machine learning;IA product Manager
Data / IA;IA / Machine learning;Ingénieur en Machine Learning
Data / IA;IA / Machine learning;Développeur machine learning
Data / IA;IA / Machine learning;Prompt engineer
Data / IA;Blockchain;Développeur blockchain
Data / IA;Blockchain;Technicien blockchain
Data / IA;Blockchain;Consultant blockchain
Data / IA;Blockchain;Architecte blockchain
Data / IA;CRM;Responsable CRM
Développement, test et Ops;Logiciel;Architecte Logiciel
Développement, test et Ops;Logiciel;Intégrateur logiciels métiers
Développement, test et Ops;Logiciel;Ingénieur logiciel
Développement, test et Ops;Logiciel;Développeur logiciel
Développement, test et Ops;Développement;Developpeur Back-End
Développement, test et Ops;Développement;Developpeur Front-End
Développement, test et Ops;Développement;Développeur Full Stack
Développement, test et Ops;Développement;Développeur Web / Mobile
Développement, test et Ops;Développement;Développeur Web
Développement, test et Ops;Développement;Développeur Mobile
Développement, test et Ops;Développement;Développeur d'applications
Développement, test et Ops;Développement;Intégrateur web
Développement, test et Ops;No code;Développeur no code
Développement, test et Ops;No code;Ingénieur no code
Développement, test et Ops;No code;Product builder
Développement, test et Ops;DevOps;Ingénieur DevOps
Développement, test et Ops;Test;Testeur
Développement, test et Ops;Test;Spécialiste test et validation
Gestion / Pilotage / Stratégie;Gestion de projet digital;Directeur de projet
Gestion / Pilotage / Stratégie;Gestion de projet digital;Coordinateur de projet
Gestion / Pilotage / Stratégie;Gestion de projet digital;Chef de projet technique
Gestion / Pilotage / Stratégie;Gestion de projet digital;Chef de projet digital
Gestion / Pilotage / Stratégie;Gestion de projet digital;Chef de projet agile
Gestion / Pilotage / Stratégie;Gestion de projet digital;Scrum master
Gestion / Pilotage / Stratégie;Entrepreneuriat;Entrepreneur digital
Gestion / Pilotage / Stratégie;Entrepreneuriat;Startupper
Gestion / Pilotage / Stratégie;Entrepreneuriat;Créateur d'entreprise
Gestion / Pilotage / Stratégie;Management Produit;Product Manager
Gestion / Pilotage / Stratégie;Management Produit;Product Owner
Gestion / Pilotage / Stratégie;Gestion de site web;Webmaster
Gestion / Pilotage / Stratégie;Gestion de site web;Chef de projet web
Gestion / Pilotage / Stratégie;Direction des systèmes d'information;Chief Technical Officer (CTO)
Gestion / Pilotage / Stratégie;Direction des systèmes d'information;Directeur des systèmes d'information
Gestion / Pilotage / Stratégie;Direction des systèmes d'information;Chief Information Officer
Gestion / Pilotage / Stratégie;Direction des systèmes d'information;Chief Digital Officer
Gestion / Pilotage / Stratégie;Direction des systèmes d'information;Administrateur Système d'information
Gestion / Pilotage / Stratégie;Direction des systèmes d'information;Chef de projet systèmes d'information
Gestion / Pilotage / Stratégie;Direction des systèmes d'information;Expert en système d’information
Gestion / Pilotage / Stratégie;Direction des systèmes d'information;Technicien d'exploitation
Gestion / Pilotage / Stratégie;Numérique responsable;Directeur des usages numériques responsables
Gestion / Pilotage / Stratégie;Numérique responsable;Chargé de numérique responsable
Gestion / Pilotage / Stratégie;Numérique responsable;Responsable Green IT
Gestion / Pilotage / Stratégie;Numérique responsable;Responsable numérique responsable
Gestion / Pilotage / Stratégie;Numérique responsable;Formateur numérique responsable
Interface / graphisme / design;Création de vidéos;Chargé de production vidéos
Interface / graphisme / design;Création de vidéos;Vidéaste
Interface / graphisme / design;Impression 3D;Fablab manager
Interface / graphisme / design;Impression 3D;Forgeur numérique
Interface / graphisme / design;Jeux vidéos;Game designer
Interface / graphisme / design;Jeux vidéos;Développeur de jeux vidéos
Interface / graphisme / design;Jeux vidéos;Réalisateur de jeux vidéos
Interface / graphisme / design;Jeux vidéos;Développeur gameplay
Interface / graphisme / design;Jeux vidéos;Programmeur de jeux vidéo
Interface / graphisme / design;Jeux vidéos;Programmeur gameplay
Interface / graphisme / design;Jeux vidéos;Level designer
Interface / graphisme / design;Jeux vidéos;Animateur esport
Interface / graphisme / design;Graphisme / Design;Motion Designer
Interface / graphisme / design;Graphisme / Design;Infographiste
Interface / graphisme / design;Graphisme / Design;UI Designer
Interface / graphisme / design;Graphisme / Design;UX Designer
Interface / graphisme / design;Graphisme / Design;Webdesigner
Interface / graphisme / design;Graphisme / Design;Animateur 3D
Interface / graphisme / design;Graphisme / Design;Graphiste
